{
  "rms_reprojection_error": 1.1417601627646654,
  "camera_matrix": {
    "fx": 867.9906838117337,
    "fy": 859.278423593237,
    "cx": 675.3278011426871,
    "cy": 336.749113840711
  },
  "camera_matrix_3x3": [
    [
      867.9906838117337,
      0.0,
      675.3278011426871
    ],
    [
      0.0,
      859.278423593237,
      336.749113840711
    ],
    [
      0.0,
      0.0,
      1.0
    ]
  ],
  "dist_coeffs": {
    "k1": 0.05561481488257897,
    "k2": -0.33180520408301173,
    "p1": -0.00704906868581621,
    "p2": 0.023900247456138796,
    "k3": 0.3983476976963605
  },
  "dist_coeffs_array": [
    0.05561481488257897,
    -0.33180520408301173,
    -0.00704906868581621,
    0.023900247456138796,
    0.3983476976963605
  ],
  "image_size": {
    "width": 1280,
    "height": 720
  },
  "num_frames": 102
}